pub_year,publications_count,Mean of ML pipeline evaluation,code_abs_No,code_abs_Upon request,code_abs_Yes,code_norm_No,code_norm_Upon request,code_norm_Yes,data_abs_No,data_abs_Upon request,data_abs_Yes,data_norm_No,data_norm_Upon request,data_norm_Yes
2008-2019,79,1.8695014662756597,57.0,4.0,18.0,0.7215189873417721,0.05063291139240506,0.22784810126582278,46.0,12.0,21.0,0.5822784810126582,0.1518987341772152,0.26582278481012656
2020,108,2.1481481481481484,74.0,4.0,30.0,0.6851851851851852,0.037037037037037035,0.2777777777777778,59.0,20.0,29.0,0.5462962962962963,0.18518518518518517,0.26851851851851855
2021,200,2.155,161.0,8.0,31.0,0.805,0.04,0.155,104.0,44.0,52.0,0.52,0.22,0.26
2022,63,2.3015873015873014,48.0,2.0,13.0,0.7619047619047619,0.031746031746031744,0.20634920634920634,36.0,8.0,19.0,0.5714285714285714,0.12698412698412698,0.30158730158730157
